﻿Mrn,JSON
DD00050167,"{""AssessmentCount"":8,""CrossedOut"":false,""Encounter"":{""id"":""65537"",""number"":""DD0001408228"",""startDate"":""07/21/2018 00:30:00"",""endDate"":""08/09/2018 10:35:00"",""status"":""closed"",""isCurrent"":""false"",""type"":""inpatient admission""},""IsActive"":true,""Paragraph"":-1723858870,""REMS"":""pressure ulcer"",""RecentAssessment"":""08/08/2018 22:30:00"",""Sentence"":218,""StartDateTime"":""07/21/2018 10:00:00"",""StopDateTime"":""00/00/1970 00:00:00"",""TrackedItemCode"":""pressure ulcer"",""TrackedItemID"":""131573"",""TrackedItemIntPair"":""2^501"",""TrackedItemType"":""altered skin condition"",""WoundLocation"":""neck, left"",""InChartingStatus"":"""",""StartDateTimeObj"":""2018-07-21T10:00:00"",""StopDateTimeObj"":""0001-01-01T00:00:00"",""RecentAssessmentDateTimeObj"":""2018-08-08T22:30:00"",""AssessmentsWithImagesCount"":0,""WoundImagesCount"":0,""DerivedStatus"":""Active"",""WoundFullText"":""pressure ulcer, neck, left""}"
DD00050167,"{""AssessmentCount"":8,""CrossedOut"":false,""Encounter"":{""id"":""65537"",""number"":""DD0001408228"",""startDate"":""07/21/2018 00:30:00"",""endDate"":""08/09/2018 10:35:00"",""status"":""closed"",""isCurrent"":""false"",""type"":""inpatient admission""},""IsActive"":true,""Paragraph"":-1723858870,""REMS"":""pressure ulcer"",""RecentAssessment"":""08/08/2018 22:30:00"",""Sentence"":218,""StartDateTime"":""07/21/2018 10:00:00"",""StopDateTime"":""00/00/1970 00:00:00"",""TrackedItemCode"":""pressure ulcer"",""TrackedItemID"":""131573"",""TrackedItemIntPair"":""2^501"",""TrackedItemType"":""altered skin condition"",""WoundLocation"":""neck, left"",""InChartingStatus"":"""",""StartDateTimeObj"":""2018-07-21T10:00:00"",""StopDateTimeObj"":""0001-01-01T00:00:00"",""RecentAssessmentDateTimeObj"":""2018-08-08T22:30:00"",""AssessmentsWithImagesCount"":0,""WoundImagesCount"":0,""DerivedStatus"":""Active"",""WoundFullText"":""pressure ulcer, neck, left""}"
DD00050167,"{""AssessmentCount"":8,""CrossedOut"":false,""Encounter"":{""id"":""65537"",""number"":""DD0001408228"",""startDate"":""07/21/2018 00:30:00"",""endDate"":""08/09/2018 10:35:00"",""status"":""closed"",""isCurrent"":""false"",""type"":""inpatient admission""},""IsActive"":true,""Paragraph"":-1723858870,""REMS"":""pressure ulcer"",""RecentAssessment"":""08/08/2018 22:30:00"",""Sentence"":218,""StartDateTime"":""07/21/2018 10:00:00"",""StopDateTime"":""00/00/1970 00:00:00"",""TrackedItemCode"":""pressure ulcer"",""TrackedItemID"":""131573"",""TrackedItemIntPair"":""2^501"",""TrackedItemType"":""altered skin condition"",""WoundLocation"":""neck, left"",""InChartingStatus"":"""",""StartDateTimeObj"":""2018-07-21T10:00:00"",""StopDateTimeObj"":""0001-01-01T00:00:00"",""RecentAssessmentDateTimeObj"":""2018-08-08T22:30:00"",""AssessmentsWithImagesCount"":0,""WoundImagesCount"":0,""DerivedStatus"":""Active"",""WoundFullText"":""pressure ulcer, neck, left""}"
DD00050167,"{""AssessmentCount"":8,""CrossedOut"":false,""Encounter"":{""id"":""65537"",""number"":""DD0001408228"",""startDate"":""07/21/2018 00:30:00"",""endDate"":""08/09/2018 10:35:00"",""status"":""closed"",""isCurrent"":""false"",""type"":""inpatient admission""},""IsActive"":true,""Paragraph"":-1723858870,""REMS"":""pressure ulcer"",""RecentAssessment"":""08/08/2018 22:30:00"",""Sentence"":218,""StartDateTime"":""07/21/2018 10:00:00"",""StopDateTime"":""00/00/1970 00:00:00"",""TrackedItemCode"":""pressure ulcer"",""TrackedItemID"":""131573"",""TrackedItemIntPair"":""2^501"",""TrackedItemType"":""altered skin condition"",""WoundLocation"":""neck, left"",""InChartingStatus"":"""",""StartDateTimeObj"":""2018-07-21T10:00:00"",""StopDateTimeObj"":""0001-01-01T00:00:00"",""RecentAssessmentDateTimeObj"":""2018-08-08T22:30:00"",""AssessmentsWithImagesCount"":0,""WoundImagesCount"":0,""DerivedStatus"":""Active"",""WoundFullText"":""pressure ulcer, neck, left""}"
DD00050085,"{""AssessmentCount"":88,""CrossedOut"":false,""Encounter"":{""id"":""65537"",""number"":""DD0001402825"",""startDate"":""11/11/2017 14:52:00"",""endDate"":""12/12/2017 13:16:00"",""status"":""closed"",""isCurrent"":""false"",""type"":""inpatient admission""},""IsActive"":true,""Paragraph"":-1514143644,""REMS"":""pressure ulcer"",""RecentAssessment"":""07/25/2018 09:29:00"",""Sentence"":90,""StartDateTime"":""11/11/2017 14:50:00"",""StopDateTime"":""00/00/1970 00:00:00"",""TrackedItemCode"":""pressure ulcer"",""TrackedItemID"":""131197"",""TrackedItemIntPair"":""2^125"",""TrackedItemType"":""altered skin condition"",""WoundLocation"":""ischial tuberosity, left"",""InChartingStatus"":"""",""StartDateTimeObj"":""2017-11-11T14:50:00"",""StopDateTimeObj"":""0001-01-01T00:00:00"",""RecentAssessmentDateTimeObj"":""2018-07-25T09:29:00"",""AssessmentsWithImagesCount"":0,""WoundImagesCount"":0,""DerivedStatus"":""Active"",""WoundFullText"":""pressure ulcer, ischial tuberosity, left""}"
DD00050085,"{""AssessmentCount"":88,""CrossedOut"":false,""Encounter"":{""id"":""65537"",""number"":""DD0001402825"",""startDate"":""11/11/2017 14:52:00"",""endDate"":""12/12/2017 13:16:00"",""status"":""closed"",""isCurrent"":""false"",""type"":""inpatient admission""},""IsActive"":true,""Paragraph"":-1514143644,""REMS"":""pressure ulcer"",""RecentAssessment"":""07/25/2018 09:29:00"",""Sentence"":90,""StartDateTime"":""11/11/2017 14:50:00"",""StopDateTime"":""00/00/1970 00:00:00"",""TrackedItemCode"":""pressure ulcer"",""TrackedItemID"":""131197"",""TrackedItemIntPair"":""2^125"",""TrackedItemType"":""altered skin condition"",""WoundLocation"":""ischial tuberosity, left"",""InChartingStatus"":"""",""StartDateTimeObj"":""2017-11-11T14:50:00"",""StopDateTimeObj"":""0001-01-01T00:00:00"",""RecentAssessmentDateTimeObj"":""2018-07-25T09:29:00"",""AssessmentsWithImagesCount"":0,""WoundImagesCount"":0,""DerivedStatus"":""Active"",""WoundFullText"":""pressure ulcer, ischial tuberosity, left""}"
DD00050085,"{""AssessmentCount"":88,""CrossedOut"":false,""Encounter"":{""id"":""65537"",""number"":""DD0001402825"",""startDate"":""11/11/2017 14:52:00"",""endDate"":""12/12/2017 13:16:00"",""status"":""closed"",""isCurrent"":""false"",""type"":""inpatient admission""},""IsActive"":true,""Paragraph"":-1514143644,""REMS"":""pressure ulcer"",""RecentAssessment"":""07/25/2018 09:29:00"",""Sentence"":90,""StartDateTime"":""11/11/2017 14:50:00"",""StopDateTime"":""00/00/1970 00:00:00"",""TrackedItemCode"":""pressure ulcer"",""TrackedItemID"":""131197"",""TrackedItemIntPair"":""2^125"",""TrackedItemType"":""altered skin condition"",""WoundLocation"":""ischial tuberosity, left"",""InChartingStatus"":"""",""StartDateTimeObj"":""2017-11-11T14:50:00"",""StopDateTimeObj"":""0001-01-01T00:00:00"",""RecentAssessmentDateTimeObj"":""2018-07-25T09:29:00"",""AssessmentsWithImagesCount"":0,""WoundImagesCount"":0,""DerivedStatus"":""Active"",""WoundFullText"":""pressure ulcer, ischial tuberosity, left""}"
DD00050085,"{""AssessmentCount"":88,""CrossedOut"":false,""Encounter"":{""id"":""65537"",""number"":""DD0001402825"",""startDate"":""11/11/2017 14:52:00"",""endDate"":""12/12/2017 13:16:00"",""status"":""closed"",""isCurrent"":""false"",""type"":""inpatient admission""},""IsActive"":true,""Paragraph"":-1514143644,""REMS"":""pressure ulcer"",""RecentAssessment"":""07/25/2018 09:29:00"",""Sentence"":90,""StartDateTime"":""11/11/2017 14:50:00"",""StopDateTime"":""00/00/1970 00:00:00"",""TrackedItemCode"":""pressure ulcer"",""TrackedItemID"":""131197"",""TrackedItemIntPair"":""2^125"",""TrackedItemType"":""altered skin condition"",""WoundLocation"":""ischial tuberosity, left"",""InChartingStatus"":"""",""StartDateTimeObj"":""2017-11-11T14:50:00"",""StopDateTimeObj"":""0001-01-01T00:00:00"",""RecentAssessmentDateTimeObj"":""2018-07-25T09:29:00"",""AssessmentsWithImagesCount"":0,""WoundImagesCount"":0,""DerivedStatus"":""Active"",""WoundFullText"":""pressure ulcer, ischial tuberosity, left""}"
DD00050085,"{""AssessmentCount"":88,""CrossedOut"":false,""Encounter"":{""id"":""65537"",""number"":""DD0001402825"",""startDate"":""11/11/2017 14:52:00"",""endDate"":""12/12/2017 13:16:00"",""status"":""closed"",""isCurrent"":""false"",""type"":""inpatient admission""},""IsActive"":true,""Paragraph"":-1514143644,""REMS"":""pressure ulcer"",""RecentAssessment"":""07/25/2018 09:29:00"",""Sentence"":90,""StartDateTime"":""11/11/2017 14:50:00"",""StopDateTime"":""00/00/1970 00:00:00"",""TrackedItemCode"":""pressure ulcer"",""TrackedItemID"":""131197"",""TrackedItemIntPair"":""2^125"",""TrackedItemType"":""altered skin condition"",""WoundLocation"":""ischial tuberosity, left"",""InChartingStatus"":"""",""StartDateTimeObj"":""2017-11-11T14:50:00"",""StopDateTimeObj"":""0001-01-01T00:00:00"",""RecentAssessmentDateTimeObj"":""2018-07-25T09:29:00"",""AssessmentsWithImagesCount"":0,""WoundImagesCount"":0,""DerivedStatus"":""Active"",""WoundFullText"":""pressure ulcer, ischial tuberosity, left""}"
DD00050085,"{""AssessmentCount"":88,""CrossedOut"":false,""Encounter"":{""id"":""65537"",""number"":""DD0001402825"",""startDate"":""11/11/2017 14:52:00"",""endDate"":""12/12/2017 13:16:00"",""status"":""closed"",""isCurrent"":""false"",""type"":""inpatient admission""},""IsActive"":true,""Paragraph"":-1514143644,""REMS"":""pressure ulcer"",""RecentAssessment"":""07/25/2018 09:29:00"",""Sentence"":90,""StartDateTime"":""11/11/2017 14:50:00"",""StopDateTime"":""00/00/1970 00:00:00"",""TrackedItemCode"":""pressure ulcer"",""TrackedItemID"":""131197"",""TrackedItemIntPair"":""2^125"",""TrackedItemType"":""altered skin condition"",""WoundLocation"":""ischial tuberosity, left"",""InChartingStatus"":"""",""StartDateTimeObj"":""2017-11-11T14:50:00"",""StopDateTimeObj"":""0001-01-01T00:00:00"",""RecentAssessmentDateTimeObj"":""2018-07-25T09:29:00"",""AssessmentsWithImagesCount"":0,""WoundImagesCount"":0,""DerivedStatus"":""Active"",""WoundFullText"":""pressure ulcer, ischial tuberosity, left""}"
DD00050085,"{""AssessmentCount"":88,""CrossedOut"":false,""Encounter"":{""id"":""65537"",""number"":""DD0001402825"",""startDate"":""11/11/2017 14:52:00"",""endDate"":""12/12/2017 13:16:00"",""status"":""closed"",""isCurrent"":""false"",""type"":""inpatient admission""},""IsActive"":true,""Paragraph"":-1514143644,""REMS"":""pressure ulcer"",""RecentAssessment"":""07/25/2018 09:29:00"",""Sentence"":90,""StartDateTime"":""11/11/2017 14:50:00"",""StopDateTime"":""00/00/1970 00:00:00"",""TrackedItemCode"":""pressure ulcer"",""TrackedItemID"":""131197"",""TrackedItemIntPair"":""2^125"",""TrackedItemType"":""altered skin condition"",""WoundLocation"":""ischial tuberosity, left"",""InChartingStatus"":"""",""StartDateTimeObj"":""2017-11-11T14:50:00"",""StopDateTimeObj"":""0001-01-01T00:00:00"",""RecentAssessmentDateTimeObj"":""2018-07-25T09:29:00"",""AssessmentsWithImagesCount"":0,""WoundImagesCount"":0,""DerivedStatus"":""Active"",""WoundFullText"":""pressure ulcer, ischial tuberosity, left""}"
DD00050085,"{""AssessmentCount"":88,""CrossedOut"":false,""Encounter"":{""id"":""65537"",""number"":""DD0001402825"",""startDate"":""11/11/2017 14:52:00"",""endDate"":""12/12/2017 13:16:00"",""status"":""closed"",""isCurrent"":""false"",""type"":""inpatient admission""},""IsActive"":true,""Paragraph"":-1514143644,""REMS"":""pressure ulcer"",""RecentAssessment"":""07/25/2018 09:29:00"",""Sentence"":90,""StartDateTime"":""11/11/2017 14:50:00"",""StopDateTime"":""00/00/1970 00:00:00"",""TrackedItemCode"":""pressure ulcer"",""TrackedItemID"":""131197"",""TrackedItemIntPair"":""2^125"",""TrackedItemType"":""altered skin condition"",""WoundLocation"":""ischial tuberosity, left"",""InChartingStatus"":"""",""StartDateTimeObj"":""2017-11-11T14:50:00"",""StopDateTimeObj"":""0001-01-01T00:00:00"",""RecentAssessmentDateTimeObj"":""2018-07-25T09:29:00"",""AssessmentsWithImagesCount"":0,""WoundImagesCount"":0,""DerivedStatus"":""Active"",""WoundFullText"":""pressure ulcer, ischial tuberosity, left""}"
DD00050085,"{""AssessmentCount"":88,""CrossedOut"":false,""Encounter"":{""id"":""65537"",""number"":""DD0001402825"",""startDate"":""11/11/2017 14:52:00"",""endDate"":""12/12/2017 13:16:00"",""status"":""closed"",""isCurrent"":""false"",""type"":""inpatient admission""},""IsActive"":true,""Paragraph"":-1514143644,""REMS"":""pressure ulcer"",""RecentAssessment"":""07/25/2018 09:29:00"",""Sentence"":90,""StartDateTime"":""11/11/2017 14:50:00"",""StopDateTime"":""00/00/1970 00:00:00"",""TrackedItemCode"":""pressure ulcer"",""TrackedItemID"":""131197"",""TrackedItemIntPair"":""2^125"",""TrackedItemType"":""altered skin condition"",""WoundLocation"":""ischial tuberosity, left"",""InChartingStatus"":"""",""StartDateTimeObj"":""2017-11-11T14:50:00"",""StopDateTimeObj"":""0001-01-01T00:00:00"",""RecentAssessmentDateTimeObj"":""2018-07-25T09:29:00"",""AssessmentsWithImagesCount"":0,""WoundImagesCount"":0,""DerivedStatus"":""Active"",""WoundFullText"":""pressure ulcer, ischial tuberosity, left""}"
DD00050085,"{""AssessmentCount"":88,""CrossedOut"":false,""Encounter"":{""id"":""65537"",""number"":""DD0001402825"",""startDate"":""11/11/2017 14:52:00"",""endDate"":""12/12/2017 13:16:00"",""status"":""closed"",""isCurrent"":""false"",""type"":""inpatient admission""},""IsActive"":true,""Paragraph"":-1514143644,""REMS"":""pressure ulcer"",""RecentAssessment"":""07/25/2018 09:29:00"",""Sentence"":90,""StartDateTime"":""11/11/2017 14:50:00"",""StopDateTime"":""00/00/1970 00:00:00"",""TrackedItemCode"":""pressure ulcer"",""TrackedItemID"":""131197"",""TrackedItemIntPair"":""2^125"",""TrackedItemType"":""altered skin condition"",""WoundLocation"":""ischial tuberosity, left"",""InChartingStatus"":"""",""StartDateTimeObj"":""2017-11-11T14:50:00"",""StopDateTimeObj"":""0001-01-01T00:00:00"",""RecentAssessmentDateTimeObj"":""2018-07-25T09:29:00"",""AssessmentsWithImagesCount"":0,""WoundImagesCount"":0,""DerivedStatus"":""Active"",""WoundFullText"":""pressure ulcer, ischial tuberosity, left""}"
DD00050085,"{""AssessmentCount"":88,""CrossedOut"":false,""Encounter"":{""id"":""65537"",""number"":""DD0001402825"",""startDate"":""11/11/2017 14:52:00"",""endDate"":""12/12/2017 13:16:00"",""status"":""closed"",""isCurrent"":""false"",""type"":""inpatient admission""},""IsActive"":true,""Paragraph"":-1514143644,""REMS"":""pressure ulcer"",""RecentAssessment"":""07/25/2018 09:29:00"",""Sentence"":90,""StartDateTime"":""11/11/2017 14:50:00"",""StopDateTime"":""00/00/1970 00:00:00"",""TrackedItemCode"":""pressure ulcer"",""TrackedItemID"":""131197"",""TrackedItemIntPair"":""2^125"",""TrackedItemType"":""altered skin condition"",""WoundLocation"":""ischial tuberosity, left"",""InChartingStatus"":"""",""StartDateTimeObj"":""2017-11-11T14:50:00"",""StopDateTimeObj"":""0001-01-01T00:00:00"",""RecentAssessmentDateTimeObj"":""2018-07-25T09:29:00"",""AssessmentsWithImagesCount"":0,""WoundImagesCount"":0,""DerivedStatus"":""Active"",""WoundFullText"":""pressure ulcer, ischial tuberosity, left""}"
DD00050136,"{""AssessmentCount"":10,""CrossedOut"":false,""Encounter"":{""id"":""65537"",""number"":""DD0001408459"",""startDate"":""07/27/2018 20:00:00"",""endDate"":"""",""status"":""open"",""isCurrent"":""true"",""type"":""inpatient admission""},""IsActive"":false,""Paragraph"":-1723858748,""REMS"":""pressure ulcer"",""RecentAssessment"":""08/10/2018 07:30:00"",""Sentence"":673,""StartDateTime"":""07/27/2018 20:15:00"",""StopDateTime"":""08/10/2018 07:30:00"",""TrackedItemCode"":""pressure ulcer"",""TrackedItemID"":""131428"",""TrackedItemIntPair"":""2^356"",""TrackedItemType"":""altered skin condition"",""WoundLocation"":""ear, right"",""InChartingStatus"":""resurfaced/healed"",""StartDateTimeObj"":""2018-07-27T20:15:00"",""StopDateTimeObj"":""2018-08-10T07:30:00"",""RecentAssessmentDateTimeObj"":""2018-08-10T07:30:00"",""AssessmentsWithImagesCount"":0,""WoundImagesCount"":0,""DerivedStatus"":""resurfaced/healed"",""WoundFullText"":""pressure ulcer, ear, right""}"
DD00050138,"{""AssessmentCount"":10,""CrossedOut"":false,""Encounter"":{""id"":""65537"",""number"":""DD0001407717"",""startDate"":""06/26/2018 19:22:00"",""endDate"":""07/20/2018 11:35:00"",""status"":""closed"",""isCurrent"":""false"",""type"":""inpatient admission""},""IsActive"":true,""Paragraph"":-1556086689,""REMS"":""pressure ulcer"",""RecentAssessment"":""07/20/2018 10:45:00"",""Sentence"":595,""StartDateTime"":""06/27/2018 06:55:00"",""StopDateTime"":""00/00/1970 00:00:00"",""TrackedItemCode"":""pressure ulcer"",""TrackedItemID"":""131659"",""TrackedItemIntPair"":""2^587"",""TrackedItemType"":""altered skin condition"",""WoundLocation"":""occiput"",""InChartingStatus"":"""",""StartDateTimeObj"":""2018-06-27T06:55:00"",""StopDateTimeObj"":""0001-01-01T00:00:00"",""RecentAssessmentDateTimeObj"":""2018-07-20T10:45:00"",""AssessmentsWithImagesCount"":0,""WoundImagesCount"":0,""DerivedStatus"":""Active"",""WoundFullText"":""pressure ulcer, occiput""}"
DD00050161,"{""AssessmentCount"":2,""CrossedOut"":false,""Encounter"":{""id"":""65537"",""number"":""DD0001408194"",""startDate"":""07/17/2018 17:11:00"",""endDate"":""08/13/2018 11:30:00"",""status"":""closed"",""isCurrent"":""false"",""type"":""inpatient admission""},""IsActive"":false,""Paragraph"":-1535115167,""REMS"":""pressure ulcer"",""RecentAssessment"":""07/18/2018 14:58:00"",""Sentence"":161,""StartDateTime"":""07/17/2018 18:50:00"",""StopDateTime"":""07/18/2018 14:58:00"",""TrackedItemCode"":""pressure ulcer"",""TrackedItemID"":""131241"",""TrackedItemIntPair"":""2^169"",""TrackedItemType"":""altered skin condition"",""WoundLocation"":""posterior scapula"",""InChartingStatus"":""resurfaced/healed"",""StartDateTimeObj"":""2018-07-17T18:50:00"",""StopDateTimeObj"":""2018-07-18T14:58:00"",""RecentAssessmentDateTimeObj"":""2018-07-18T14:58:00"",""AssessmentsWithImagesCount"":0,""WoundImagesCount"":0,""DerivedStatus"":""resurfaced/healed"",""WoundFullText"":""pressure ulcer, posterior scapula""}"
FB00029877,"{""AssessmentCount"":36,""CrossedOut"":false,""Encounter"":{""id"":""65537"",""number"":""FB0001337237"",""startDate"":""06/29/2018 21:17:00"",""endDate"":""07/20/2018 21:20:00"",""status"":""closed"",""isCurrent"":""false"",""type"":""inpatient admission""},""IsActive"":false,""Paragraph"":-1702887100,""REMS"":""pressure ulcer"",""RecentAssessment"":""07/20/2018 16:46:00"",""Sentence"":422,""StartDateTime"":""06/30/2018 14:00:00"",""StopDateTime"":""07/20/2018 16:46:00"",""TrackedItemCode"":""pressure ulcer"",""TrackedItemID"":""131601"",""TrackedItemIntPair"":""2^529"",""TrackedItemType"":""altered skin condition"",""WoundLocation"":""buttock, left"",""InChartingStatus"":""resurfaced/healed"",""StartDateTimeObj"":""2018-06-30T14:00:00"",""StopDateTimeObj"":""2018-07-20T16:46:00"",""RecentAssessmentDateTimeObj"":""2018-07-20T16:46:00"",""AssessmentsWithImagesCount"":0,""WoundImagesCount"":0,""DerivedStatus"":""resurfaced/healed"",""WoundFullText"":""pressure ulcer, buttock, left""}"
FB00029877,"{""AssessmentCount"":36,""CrossedOut"":false,""Encounter"":{""id"":""65537"",""number"":""FB0001337237"",""startDate"":""06/29/2018 21:17:00"",""endDate"":""07/20/2018 21:20:00"",""status"":""closed"",""isCurrent"":""false"",""type"":""inpatient admission""},""IsActive"":false,""Paragraph"":-1702887100,""REMS"":""pressure ulcer"",""RecentAssessment"":""07/20/2018 16:46:00"",""Sentence"":422,""StartDateTime"":""06/30/2018 14:00:00"",""StopDateTime"":""07/20/2018 16:46:00"",""TrackedItemCode"":""pressure ulcer"",""TrackedItemID"":""131601"",""TrackedItemIntPair"":""2^529"",""TrackedItemType"":""altered skin condition"",""WoundLocation"":""buttock, left"",""InChartingStatus"":""resurfaced/healed"",""StartDateTimeObj"":""2018-06-30T14:00:00"",""StopDateTimeObj"":""2018-07-20T16:46:00"",""RecentAssessmentDateTimeObj"":""2018-07-20T16:46:00"",""AssessmentsWithImagesCount"":0,""WoundImagesCount"":0,""DerivedStatus"":""resurfaced/healed"",""WoundFullText"":""pressure ulcer, buttock, left""}"
FB00029877,"{""AssessmentCount"":36,""CrossedOut"":false,""Encounter"":{""id"":""65537"",""number"":""FB0001337237"",""startDate"":""06/29/2018 21:17:00"",""endDate"":""07/20/2018 21:20:00"",""status"":""closed"",""isCurrent"":""false"",""type"":""inpatient admission""},""IsActive"":false,""Paragraph"":-1702887100,""REMS"":""pressure ulcer"",""RecentAssessment"":""07/20/2018 16:46:00"",""Sentence"":422,""StartDateTime"":""06/30/2018 14:00:00"",""StopDateTime"":""07/20/2018 16:46:00"",""TrackedItemCode"":""pressure ulcer"",""TrackedItemID"":""131601"",""TrackedItemIntPair"":""2^529"",""TrackedItemType"":""altered skin condition"",""WoundLocation"":""buttock, left"",""InChartingStatus"":""resurfaced/healed"",""StartDateTimeObj"":""2018-06-30T14:00:00"",""StopDateTimeObj"":""2018-07-20T16:46:00"",""RecentAssessmentDateTimeObj"":""2018-07-20T16:46:00"",""AssessmentsWithImagesCount"":0,""WoundImagesCount"":0,""DerivedStatus"":""resurfaced/healed"",""WoundFullText"":""pressure ulcer, buttock, left""}"
FB00029877,"{""AssessmentCount"":36,""CrossedOut"":false,""Encounter"":{""id"":""65537"",""number"":""FB0001337237"",""startDate"":""06/29/2018 21:17:00"",""endDate"":""07/20/2018 21:20:00"",""status"":""closed"",""isCurrent"":""false"",""type"":""inpatient admission""},""IsActive"":false,""Paragraph"":-1702887100,""REMS"":""pressure ulcer"",""RecentAssessment"":""07/20/2018 16:46:00"",""Sentence"":422,""StartDateTime"":""06/30/2018 14:00:00"",""StopDateTime"":""07/20/2018 16:46:00"",""TrackedItemCode"":""pressure ulcer"",""TrackedItemID"":""131601"",""TrackedItemIntPair"":""2^529"",""TrackedItemType"":""altered skin condition"",""WoundLocation"":""buttock, left"",""InChartingStatus"":""resurfaced/healed"",""StartDateTimeObj"":""2018-06-30T14:00:00"",""StopDateTimeObj"":""2018-07-20T16:46:00"",""RecentAssessmentDateTimeObj"":""2018-07-20T16:46:00"",""AssessmentsWithImagesCount"":0,""WoundImagesCount"":0,""DerivedStatus"":""resurfaced/healed"",""WoundFullText"":""pressure ulcer, buttock, left""}"
FB00029877,"{""AssessmentCount"":36,""CrossedOut"":false,""Encounter"":{""id"":""65537"",""number"":""FB0001337237"",""startDate"":""06/29/2018 21:17:00"",""endDate"":""07/20/2018 21:20:00"",""status"":""closed"",""isCurrent"":""false"",""type"":""inpatient admission""},""IsActive"":false,""Paragraph"":-1702887100,""REMS"":""pressure ulcer"",""RecentAssessment"":""07/20/2018 16:46:00"",""Sentence"":422,""StartDateTime"":""06/30/2018 14:00:00"",""StopDateTime"":""07/20/2018 16:46:00"",""TrackedItemCode"":""pressure ulcer"",""TrackedItemID"":""131601"",""TrackedItemIntPair"":""2^529"",""TrackedItemType"":""altered skin condition"",""WoundLocation"":""buttock, left"",""InChartingStatus"":""resurfaced/healed"",""StartDateTimeObj"":""2018-06-30T14:00:00"",""StopDateTimeObj"":""2018-07-20T16:46:00"",""RecentAssessmentDateTimeObj"":""2018-07-20T16:46:00"",""AssessmentsWithImagesCount"":0,""WoundImagesCount"":0,""DerivedStatus"":""resurfaced/healed"",""WoundFullText"":""pressure ulcer, buttock, left""}"
FB00029877,"{""AssessmentCount"":36,""CrossedOut"":false,""Encounter"":{""id"":""65537"",""number"":""FB0001337237"",""startDate"":""06/29/2018 21:17:00"",""endDate"":""07/20/2018 21:20:00"",""status"":""closed"",""isCurrent"":""false"",""type"":""inpatient admission""},""IsActive"":false,""Paragraph"":-1702887100,""REMS"":""pressure ulcer"",""RecentAssessment"":""07/20/2018 16:46:00"",""Sentence"":422,""StartDateTime"":""06/30/2018 14:00:00"",""StopDateTime"":""07/20/2018 16:46:00"",""TrackedItemCode"":""pressure ulcer"",""TrackedItemID"":""131601"",""TrackedItemIntPair"":""2^529"",""TrackedItemType"":""altered skin condition"",""WoundLocation"":""buttock, left"",""InChartingStatus"":""resurfaced/healed"",""StartDateTimeObj"":""2018-06-30T14:00:00"",""StopDateTimeObj"":""2018-07-20T16:46:00"",""RecentAssessmentDateTimeObj"":""2018-07-20T16:46:00"",""AssessmentsWithImagesCount"":0,""WoundImagesCount"":0,""DerivedStatus"":""resurfaced/healed"",""WoundFullText"":""pressure ulcer, buttock, left""}"
FB00029877,"{""AssessmentCount"":36,""CrossedOut"":false,""Encounter"":{""id"":""65537"",""number"":""FB0001337237"",""startDate"":""06/29/2018 21:17:00"",""endDate"":""07/20/2018 21:20:00"",""status"":""closed"",""isCurrent"":""false"",""type"":""inpatient admission""},""IsActive"":false,""Paragraph"":-1702887100,""REMS"":""pressure ulcer"",""RecentAssessment"":""07/20/2018 16:46:00"",""Sentence"":422,""StartDateTime"":""06/30/2018 14:00:00"",""StopDateTime"":""07/20/2018 16:46:00"",""TrackedItemCode"":""pressure ulcer"",""TrackedItemID"":""131601"",""TrackedItemIntPair"":""2^529"",""TrackedItemType"":""altered skin condition"",""WoundLocation"":""buttock, left"",""InChartingStatus"":""resurfaced/healed"",""StartDateTimeObj"":""2018-06-30T14:00:00"",""StopDateTimeObj"":""2018-07-20T16:46:00"",""RecentAssessmentDateTimeObj"":""2018-07-20T16:46:00"",""AssessmentsWithImagesCount"":0,""WoundImagesCount"":0,""DerivedStatus"":""resurfaced/healed"",""WoundFullText"":""pressure ulcer, buttock, left""}"
FB00029877,"{""AssessmentCount"":36,""CrossedOut"":false,""Encounter"":{""id"":""65537"",""number"":""FB0001337237"",""startDate"":""06/29/2018 21:17:00"",""endDate"":""07/20/2018 21:20:00"",""status"":""closed"",""isCurrent"":""false"",""type"":""inpatient admission""},""IsActive"":false,""Paragraph"":-1702887100,""REMS"":""pressure ulcer"",""RecentAssessment"":""07/20/2018 16:46:00"",""Sentence"":422,""StartDateTime"":""06/30/2018 14:00:00"",""StopDateTime"":""07/20/2018 16:46:00"",""TrackedItemCode"":""pressure ulcer"",""TrackedItemID"":""131601"",""TrackedItemIntPair"":""2^529"",""TrackedItemType"":""altered skin condition"",""WoundLocation"":""buttock, left"",""InChartingStatus"":""resurfaced/healed"",""StartDateTimeObj"":""2018-06-30T14:00:00"",""StopDateTimeObj"":""2018-07-20T16:46:00"",""RecentAssessmentDateTimeObj"":""2018-07-20T16:46:00"",""AssessmentsWithImagesCount"":0,""WoundImagesCount"":0,""DerivedStatus"":""resurfaced/healed"",""WoundFullText"":""pressure ulcer, buttock, left""}"
FB00029877,"{""AssessmentCount"":36,""CrossedOut"":false,""Encounter"":{""id"":""65537"",""number"":""FB0001337237"",""startDate"":""06/29/2018 21:17:00"",""endDate"":""07/20/2018 21:20:00"",""status"":""closed"",""isCurrent"":""false"",""type"":""inpatient admission""},""IsActive"":false,""Paragraph"":-1702887100,""REMS"":""pressure ulcer"",""RecentAssessment"":""07/20/2018 16:46:00"",""Sentence"":422,""StartDateTime"":""06/30/2018 14:00:00"",""StopDateTime"":""07/20/2018 16:46:00"",""TrackedItemCode"":""pressure ulcer"",""TrackedItemID"":""131601"",""TrackedItemIntPair"":""2^529"",""TrackedItemType"":""altered skin condition"",""WoundLocation"":""buttock, left"",""InChartingStatus"":""resurfaced/healed"",""StartDateTimeObj"":""2018-06-30T14:00:00"",""StopDateTimeObj"":""2018-07-20T16:46:00"",""RecentAssessmentDateTimeObj"":""2018-07-20T16:46:00"",""AssessmentsWithImagesCount"":0,""WoundImagesCount"":0,""DerivedStatus"":""resurfaced/healed"",""WoundFullText"":""pressure ulcer, buttock, left""}"
FB00029877,"{""AssessmentCount"":36,""CrossedOut"":false,""Encounter"":{""id"":""65537"",""number"":""FB0001337237"",""startDate"":""06/29/2018 21:17:00"",""endDate"":""07/20/2018 21:20:00"",""status"":""closed"",""isCurrent"":""false"",""type"":""inpatient admission""},""IsActive"":false,""Paragraph"":-1702887100,""REMS"":""pressure ulcer"",""RecentAssessment"":""07/20/2018 16:46:00"",""Sentence"":422,""StartDateTime"":""06/30/2018 14:00:00"",""StopDateTime"":""07/20/2018 16:46:00"",""TrackedItemCode"":""pressure ulcer"",""TrackedItemID"":""131601"",""TrackedItemIntPair"":""2^529"",""TrackedItemType"":""altered skin condition"",""WoundLocation"":""buttock, left"",""InChartingStatus"":""resurfaced/healed"",""StartDateTimeObj"":""2018-06-30T14:00:00"",""StopDateTimeObj"":""2018-07-20T16:46:00"",""RecentAssessmentDateTimeObj"":""2018-07-20T16:46:00"",""AssessmentsWithImagesCount"":0,""WoundImagesCount"":0,""DerivedStatus"":""resurfaced/healed"",""WoundFullText"":""pressure ulcer, buttock, left""}"
FB00029877,"{""AssessmentCount"":36,""CrossedOut"":false,""Encounter"":{""id"":""65537"",""number"":""FB0001337237"",""startDate"":""06/29/2018 21:17:00"",""endDate"":""07/20/2018 21:20:00"",""status"":""closed"",""isCurrent"":""false"",""type"":""inpatient admission""},""IsActive"":false,""Paragraph"":-1702887100,""REMS"":""pressure ulcer"",""RecentAssessment"":""07/20/2018 16:46:00"",""Sentence"":422,""StartDateTime"":""06/30/2018 14:00:00"",""StopDateTime"":""07/20/2018 16:46:00"",""TrackedItemCode"":""pressure ulcer"",""TrackedItemID"":""131601"",""TrackedItemIntPair"":""2^529"",""TrackedItemType"":""altered skin condition"",""WoundLocation"":""buttock, left"",""InChartingStatus"":""resurfaced/healed"",""StartDateTimeObj"":""2018-06-30T14:00:00"",""StopDateTimeObj"":""2018-07-20T16:46:00"",""RecentAssessmentDateTimeObj"":""2018-07-20T16:46:00"",""AssessmentsWithImagesCount"":0,""WoundImagesCount"":0,""DerivedStatus"":""resurfaced/healed"",""WoundFullText"":""pressure ulcer, buttock, left""}"
FB00029877,"{""AssessmentCount"":36,""CrossedOut"":false,""Encounter"":{""id"":""65537"",""number"":""FB0001337237"",""startDate"":""06/29/2018 21:17:00"",""endDate"":""07/20/2018 21:20:00"",""status"":""closed"",""isCurrent"":""false"",""type"":""inpatient admission""},""IsActive"":false,""Paragraph"":-1702887100,""REMS"":""pressure ulcer"",""RecentAssessment"":""07/20/2018 16:46:00"",""Sentence"":422,""StartDateTime"":""06/30/2018 14:00:00"",""StopDateTime"":""07/20/2018 16:46:00"",""TrackedItemCode"":""pressure ulcer"",""TrackedItemID"":""131601"",""TrackedItemIntPair"":""2^529"",""TrackedItemType"":""altered skin condition"",""WoundLocation"":""buttock, left"",""InChartingStatus"":""resurfaced/healed"",""StartDateTimeObj"":""2018-06-30T14:00:00"",""StopDateTimeObj"":""2018-07-20T16:46:00"",""RecentAssessmentDateTimeObj"":""2018-07-20T16:46:00"",""AssessmentsWithImagesCount"":0,""WoundImagesCount"":0,""DerivedStatus"":""resurfaced/healed"",""WoundFullText"":""pressure ulcer, buttock, left""}"
FB00029877,"{""AssessmentCount"":36,""CrossedOut"":false,""Encounter"":{""id"":""65537"",""number"":""FB0001337237"",""startDate"":""06/29/2018 21:17:00"",""endDate"":""07/20/2018 21:20:00"",""status"":""closed"",""isCurrent"":""false"",""type"":""inpatient admission""},""IsActive"":false,""Paragraph"":-1702887100,""REMS"":""pressure ulcer"",""RecentAssessment"":""07/20/2018 16:46:00"",""Sentence"":422,""StartDateTime"":""06/30/2018 14:00:00"",""StopDateTime"":""07/20/2018 16:46:00"",""TrackedItemCode"":""pressure ulcer"",""TrackedItemID"":""131601"",""TrackedItemIntPair"":""2^529"",""TrackedItemType"":""altered skin condition"",""WoundLocation"":""buttock, left"",""InChartingStatus"":""resurfaced/healed"",""StartDateTimeObj"":""2018-06-30T14:00:00"",""StopDateTimeObj"":""2018-07-20T16:46:00"",""RecentAssessmentDateTimeObj"":""2018-07-20T16:46:00"",""AssessmentsWithImagesCount"":0,""WoundImagesCount"":0,""DerivedStatus"":""resurfaced/healed"",""WoundFullText"":""pressure ulcer, buttock, left""}"
FB00029877,"{""AssessmentCount"":36,""CrossedOut"":false,""Encounter"":{""id"":""65537"",""number"":""FB0001337237"",""startDate"":""06/29/2018 21:17:00"",""endDate"":""07/20/2018 21:20:00"",""status"":""closed"",""isCurrent"":""false"",""type"":""inpatient admission""},""IsActive"":false,""Paragraph"":-1702887100,""REMS"":""pressure ulcer"",""RecentAssessment"":""07/20/2018 16:46:00"",""Sentence"":422,""StartDateTime"":""06/30/2018 14:00:00"",""StopDateTime"":""07/20/2018 16:46:00"",""TrackedItemCode"":""pressure ulcer"",""TrackedItemID"":""131601"",""TrackedItemIntPair"":""2^529"",""TrackedItemType"":""altered skin condition"",""WoundLocation"":""buttock, left"",""InChartingStatus"":""resurfaced/healed"",""StartDateTimeObj"":""2018-06-30T14:00:00"",""StopDateTimeObj"":""2018-07-20T16:46:00"",""RecentAssessmentDateTimeObj"":""2018-07-20T16:46:00"",""AssessmentsWithImagesCount"":0,""WoundImagesCount"":0,""DerivedStatus"":""resurfaced/healed"",""WoundFullText"":""pressure ulcer, buttock, left""}"
FB00029877,"{""AssessmentCount"":36,""CrossedOut"":false,""Encounter"":{""id"":""65537"",""number"":""FB0001337237"",""startDate"":""06/29/2018 21:17:00"",""endDate"":""07/20/2018 21:20:00"",""status"":""closed"",""isCurrent"":""false"",""type"":""inpatient admission""},""IsActive"":false,""Paragraph"":-1702887100,""REMS"":""pressure ulcer"",""RecentAssessment"":""07/20/2018 16:46:00"",""Sentence"":422,""StartDateTime"":""06/30/2018 14:00:00"",""StopDateTime"":""07/20/2018 16:46:00"",""TrackedItemCode"":""pressure ulcer"",""TrackedItemID"":""131601"",""TrackedItemIntPair"":""2^529"",""TrackedItemType"":""altered skin condition"",""WoundLocation"":""buttock, left"",""InChartingStatus"":""resurfaced/healed"",""StartDateTimeObj"":""2018-06-30T14:00:00"",""StopDateTimeObj"":""2018-07-20T16:46:00"",""RecentAssessmentDateTimeObj"":""2018-07-20T16:46:00"",""AssessmentsWithImagesCount"":0,""WoundImagesCount"":0,""DerivedStatus"":""resurfaced/healed"",""WoundFullText"":""pressure ulcer, buttock, left""}"
FB00029877,"{""AssessmentCount"":36,""CrossedOut"":false,""Encounter"":{""id"":""65537"",""number"":""FB0001337237"",""startDate"":""06/29/2018 21:17:00"",""endDate"":""07/20/2018 21:20:00"",""status"":""closed"",""isCurrent"":""false"",""type"":""inpatient admission""},""IsActive"":false,""Paragraph"":-1702887100,""REMS"":""pressure ulcer"",""RecentAssessment"":""07/20/2018 16:46:00"",""Sentence"":422,""StartDateTime"":""06/30/2018 14:00:00"",""StopDateTime"":""07/20/2018 16:46:00"",""TrackedItemCode"":""pressure ulcer"",""TrackedItemID"":""131601"",""TrackedItemIntPair"":""2^529"",""TrackedItemType"":""altered skin condition"",""WoundLocation"":""buttock, left"",""InChartingStatus"":""resurfaced/healed"",""StartDateTimeObj"":""2018-06-30T14:00:00"",""StopDateTimeObj"":""2018-07-20T16:46:00"",""RecentAssessmentDateTimeObj"":""2018-07-20T16:46:00"",""AssessmentsWithImagesCount"":0,""WoundImagesCount"":0,""DerivedStatus"":""resurfaced/healed"",""WoundFullText"":""pressure ulcer, buttock, left""}"
