﻿Mrn,JSON,TrackItemID
DD00050085,"{""AssessmentCount"":49,""CrossedOut"":false,""Encounter"":{""id"":""65537"",""number"":""DD0001407527"",""startDate"":""06/13/2018 20:22:00"",""endDate"":"""",""status"":""open"",""isCurrent"":""true"",""type"":""inpatient admission""},""IsActive"":true,""Paragraph"":-1660944230,""REMS"":""pressure ulcer"",""RecentAssessment"":""08/13/2018 11:00:00"",""Sentence"":511,""StartDateTime"":""06/30/2018 05:45:00"",""StopDateTime"":""00/00/1970 00:00:00"",""TrackedItemCode"":""pressure ulcer"",""TrackedItemID"":""133540"",""TrackedItemIntPair"":""2^2468"",""TrackedItemType"":""altered skin condition"",""WoundLocation"":""heel, right, lateral"",""InChartingStatus"":"""",""StartDateTimeObj"":""2018-06-30T05:45:00"",""StopDateTimeObj"":""0001-01-01T00:00:00"",""RecentAssessmentDateTimeObj"":""2018-08-13T11:00:00"",""AssessmentsWithImagesCount"":0,""WoundImagesCount"":0,""DerivedStatus"":""Active"",""WoundFullText"":""pressure ulcer, heel, right, lateral""}",2^2468
DD00050136,"{""AssessmentCount"":14,""CrossedOut"":false,""Encounter"":{""id"":""65537"",""number"":""DD0001408178"",""startDate"":""07/31/2018 22:00:00"",""endDate"":"""",""status"":""open"",""isCurrent"":""true"",""type"":""inpatient admission""},""IsActive"":true,""Paragraph"":-1702887371,""REMS"":""pressure ulcer"",""RecentAssessment"":""08/13/2018 07:00:00"",""Sentence"":273,""StartDateTime"":""07/31/2018 21:03:00"",""StopDateTime"":""00/00/1970 00:00:00"",""TrackedItemCode"":""pressure ulcer"",""TrackedItemID"":""131332"",""TrackedItemIntPair"":""2^260"",""TrackedItemType"":""altered skin condition"",""WoundLocation"":""occiput"",""InChartingStatus"":"""",""StartDateTimeObj"":""2018-07-31T21:03:00"",""StopDateTimeObj"":""0001-01-01T00:00:00"",""RecentAssessmentDateTimeObj"":""2018-08-13T07:00:00"",""AssessmentsWithImagesCount"":0,""WoundImagesCount"":0,""DerivedStatus"":""Active"",""WoundFullText"":""pressure ulcer, occiput""}",2^260
DD00050138,"{""AssessmentCount"":44,""CrossedOut"":false,""Encounter"":{""id"":""65537"",""number"":""DD0001408194"",""startDate"":""07/17/2018 17:11:00"",""endDate"":"""",""status"":""open"",""isCurrent"":""true"",""type"":""inpatient admission""},""IsActive"":false,""Paragraph"":-1535115167,""REMS"":""pressure ulcer"",""RecentAssessment"":""08/13/2018 09:55:00"",""Sentence"":524,""StartDateTime"":""07/17/2018 17:15:00"",""StopDateTime"":""08/13/2018 09:55:00"",""TrackedItemCode"":""pressure ulcer"",""TrackedItemID"":""131471"",""TrackedItemIntPair"":""2^399"",""TrackedItemType"":""altered skin condition"",""WoundLocation"":""occiput"",""InChartingStatus"":""discharged"",""StartDateTimeObj"":""2018-07-17T17:15:00"",""StopDateTimeObj"":""2018-08-13T09:55:00"",""RecentAssessmentDateTimeObj"":""2018-08-13T09:55:00"",""AssessmentsWithImagesCount"":0,""WoundImagesCount"":0,""DerivedStatus"":""discharged"",""WoundFullText"":""pressure ulcer, occiput""}",2^399
DD00050161,"{""AssessmentCount"":11,""CrossedOut"":false,""Encounter"":{""id"":""65537"",""number"":""DD0001408459"",""startDate"":""07/27/2018 20:00:00"",""endDate"":"""",""status"":""open"",""isCurrent"":""true"",""type"":""inpatient admission""},""IsActive"":true,""Paragraph"":-1723858748,""REMS"":""pressure ulcer"",""RecentAssessment"":""08/11/2018 21:30:00"",""Sentence"":221,""StartDateTime"":""07/27/2018 20:15:00"",""StopDateTime"":""00/00/1970 00:00:00"",""TrackedItemCode"":""pressure ulcer"",""TrackedItemID"":""131426"",""TrackedItemIntPair"":""2^354"",""TrackedItemType"":""altered skin condition"",""WoundLocation"":""fifth toe(s), left, posterior"",""InChartingStatus"":"""",""StartDateTimeObj"":""2018-07-27T20:15:00"",""StopDateTimeObj"":""0001-01-01T00:00:00"",""RecentAssessmentDateTimeObj"":""2018-08-11T21:30:00"",""AssessmentsWithImagesCount"":0,""WoundImagesCount"":0,""DerivedStatus"":""Active"",""WoundFullText"":""pressure ulcer, fifth toe(s), left, posterior""}",2^354
DD00050161,"{""AssessmentCount"":10,""CrossedOut"":false,""Encounter"":{""id"":""65537"",""number"":""DD0001408459"",""startDate"":""07/27/2018 20:00:00"",""endDate"":"""",""status"":""open"",""isCurrent"":""true"",""type"":""inpatient admission""},""IsActive"":false,""Paragraph"":-1723858748,""REMS"":""pressure ulcer"",""RecentAssessment"":""08/10/2018 07:30:00"",""Sentence"":673,""StartDateTime"":""07/27/2018 20:15:00"",""StopDateTime"":""08/10/2018 07:30:00"",""TrackedItemCode"":""pressure ulcer"",""TrackedItemID"":""131428"",""TrackedItemIntPair"":""2^356"",""TrackedItemType"":""altered skin condition"",""WoundLocation"":""ear, right"",""InChartingStatus"":""resurfaced/healed"",""StartDateTimeObj"":""2018-07-27T20:15:00"",""StopDateTimeObj"":""2018-08-10T07:30:00"",""RecentAssessmentDateTimeObj"":""2018-08-10T07:30:00"",""AssessmentsWithImagesCount"":0,""WoundImagesCount"":0,""DerivedStatus"":""resurfaced/healed"",""WoundFullText"":""pressure ulcer, ear, right""}",2^356
DD00050161,"{""AssessmentCount"":7,""CrossedOut"":false,""Encounter"":{""id"":""65537"",""number"":""DD0001408459"",""startDate"":""07/27/2018 20:00:00"",""endDate"":"""",""status"":""open"",""isCurrent"":""true"",""type"":""inpatient admission""},""IsActive"":true,""Paragraph"":-1723858748,""REMS"":""pressure ulcer"",""RecentAssessment"":""08/11/2018 21:30:00"",""Sentence"":313,""StartDateTime"":""07/28/2018 06:51:00"",""StopDateTime"":""00/00/1970 00:00:00"",""TrackedItemCode"":""pressure ulcer"",""TrackedItemID"":""131669"",""TrackedItemIntPair"":""2^597"",""TrackedItemType"":""altered skin condition"",""WoundLocation"":""neck, anterior"",""InChartingStatus"":"""",""StartDateTimeObj"":""2018-07-28T06:51:00"",""StopDateTimeObj"":""0001-01-01T00:00:00"",""RecentAssessmentDateTimeObj"":""2018-08-11T21:30:00"",""AssessmentsWithImagesCount"":0,""WoundImagesCount"":0,""DerivedStatus"":""Active"",""WoundFullText"":""pressure ulcer, neck, anterior""}",2^597
DD00050161,"{""AssessmentCount"":5,""CrossedOut"":false,""Encounter"":{""id"":""65537"",""number"":""DD0001408459"",""startDate"":""07/27/2018 20:00:00"",""endDate"":"""",""status"":""open"",""isCurrent"":""true"",""type"":""inpatient admission""},""IsActive"":false,""Paragraph"":-1723858748,""REMS"":""pressure ulcer"",""RecentAssessment"":""08/10/2018 07:30:00"",""Sentence"":675,""StartDateTime"":""07/28/2018 06:50:00"",""StopDateTime"":""08/10/2018 07:30:00"",""TrackedItemCode"":""pressure ulcer"",""TrackedItemID"":""131612"",""TrackedItemIntPair"":""2^540"",""TrackedItemType"":""altered skin condition"",""WoundLocation"":""LEFT POSTERIOR/LATERAL FOURTH TOE"",""InChartingStatus"":""resurfaced/healed"",""StartDateTimeObj"":""2018-07-28T06:50:00"",""StopDateTimeObj"":""2018-08-10T07:30:00"",""RecentAssessmentDateTimeObj"":""2018-08-10T07:30:00"",""AssessmentsWithImagesCount"":0,""WoundImagesCount"":0,""DerivedStatus"":""resurfaced/healed"",""WoundFullText"":""pressure ulcer, LEFT POSTERIOR/LATERAL FOURTH TOE""}",2^540
DD00050167,"{""AssessmentCount"":7,""CrossedOut"":false,""Encounter"":{""id"":""65537"",""number"":""DD0001408525"",""startDate"":""08/01/2018 18:36:00"",""endDate"":"""",""status"":""open"",""isCurrent"":""true"",""type"":""inpatient admission""},""IsActive"":true,""Paragraph"":-1702887349,""REMS"":""pressure ulcer"",""RecentAssessment"":""08/09/2018 10:25:00"",""Sentence"":305,""StartDateTime"":""08/01/2018 19:09:00"",""StopDateTime"":""00/00/1970 00:00:00"",""TrackedItemCode"":""pressure ulcer"",""TrackedItemID"":""131086"",""TrackedItemIntPair"":""2^14"",""TrackedItemType"":""altered skin condition"",""WoundLocation"":""ear, left"",""InChartingStatus"":"""",""StartDateTimeObj"":""2018-08-01T19:09:00"",""StopDateTimeObj"":""0001-01-01T00:00:00"",""RecentAssessmentDateTimeObj"":""2018-08-09T10:25:00"",""AssessmentsWithImagesCount"":0,""WoundImagesCount"":0,""DerivedStatus"":""Active"",""WoundFullText"":""pressure ulcer, ear, left""}",2^14
DD00050167,"{""AssessmentCount"":33,""CrossedOut"":false,""Encounter"":{""id"":""65537"",""number"":""DD0001408525"",""startDate"":""08/01/2018 18:36:00"",""endDate"":"""",""status"":""open"",""isCurrent"":""true"",""type"":""inpatient admission""},""IsActive"":true,""Paragraph"":-1702887349,""REMS"":""pressure ulcer"",""RecentAssessment"":""08/13/2018 07:45:00"",""Sentence"":309,""StartDateTime"":""08/01/2018 19:09:00"",""StopDateTime"":""00/00/1970 00:00:00"",""TrackedItemCode"":""pressure ulcer"",""TrackedItemID"":""131078"",""TrackedItemIntPair"":""2^6"",""TrackedItemType"":""altered skin condition"",""WoundLocation"":""sacrococcygeal"",""InChartingStatus"":"""",""StartDateTimeObj"":""2018-08-01T19:09:00"",""StopDateTimeObj"":""0001-01-01T00:00:00"",""RecentAssessmentDateTimeObj"":""2018-08-13T07:45:00"",""AssessmentsWithImagesCount"":0,""WoundImagesCount"":0,""DerivedStatus"":""Active"",""WoundFullText"":""pressure ulcer, sacrococcygeal""}",2^6
DD00050167,"{""AssessmentCount"":13,""CrossedOut"":false,""Encounter"":{""id"":""65537"",""number"":""DD0001408525"",""startDate"":""08/01/2018 18:36:00"",""endDate"":"""",""status"":""open"",""isCurrent"":""true"",""type"":""inpatient admission""},""IsActive"":true,""Paragraph"":-1702887349,""REMS"":""pressure ulcer"",""RecentAssessment"":""08/11/2018 21:07:00"",""Sentence"":306,""StartDateTime"":""08/01/2018 19:09:00"",""StopDateTime"":""00/00/1970 00:00:00"",""TrackedItemCode"":""pressure ulcer"",""TrackedItemID"":""131082"",""TrackedItemIntPair"":""2^10"",""TrackedItemType"":""altered skin condition"",""WoundLocation"":""heel, right, medial"",""InChartingStatus"":"""",""StartDateTimeObj"":""2018-08-01T19:09:00"",""StopDateTimeObj"":""0001-01-01T00:00:00"",""RecentAssessmentDateTimeObj"":""2018-08-11T21:07:00"",""AssessmentsWithImagesCount"":0,""WoundImagesCount"":0,""DerivedStatus"":""Active"",""WoundFullText"":""pressure ulcer, heel, right, medial""}",2^10
FB00029877,"{""AssessmentCount"":321,""CrossedOut"":false,""Encounter"":{""id"":""66290"",""number"":""FB0001333467"",""startDate"":""02/23/2018 19:08:00"",""endDate"":"""",""status"":""open"",""isCurrent"":""true"",""type"":""inpatient admission""},""IsActive"":true,""Paragraph"":-1598029254,""REMS"":""pressure ulcer"",""RecentAssessment"":""08/13/2018 14:00:00"",""Sentence"":2296,""StartDateTime"":""02/24/2018 03:03:00"",""StopDateTime"":""00/00/1970 00:00:00"",""TrackedItemCode"":""pressure ulcer"",""TrackedItemID"":""197095"",""TrackedItemIntPair"":""3^487"",""TrackedItemType"":""altered skin condition"",""WoundLocation"":""heel, left"",""InChartingStatus"":"""",""StartDateTimeObj"":""2018-02-24T03:03:00"",""StopDateTimeObj"":""0001-01-01T00:00:00"",""RecentAssessmentDateTimeObj"":""2018-08-13T14:00:00"",""AssessmentsWithImagesCount"":0,""WoundImagesCount"":0,""DerivedStatus"":""Active"",""WoundFullText"":""pressure ulcer, heel, left""}",3^487
